id,preferred_name
7,Preferred-Name-Placeholder
12,Preferred-Name-Placeholder
17,Preferred-Name-Placeholder
22,Preferred-Name-Placeholder
27,Preferred-Name-Placeholder
32,Preferred-Name-Placeholder
37,Preferred-Name-Placeholder
42,Preferred-Name-Placeholder
47,Preferred-Name-Placeholder
55,Preferred-Name-Placeholder
60,Preferred-Name-Placeholder
65,Preferred-Name-Placeholder
70,Preferred-Name-Placeholder
75,Preferred-Name-Placeholder
80,Preferred-Name-Placeholder
88,Preferred-Name-Placeholder
93,Preferred-Name-Placeholder
98,Preferred-Name-Placeholder
103,Preferred-Name-Placeholder
108,Preferred-Name-Placeholder
113,Preferred-Name-Placeholder
118,Preferred-Name-Placeholder
123,Preferred-Name-Placeholder
128,Preferred-Name-Placeholder
133,Preferred-Name-Placeholder
138,Preferred-Name-Placeholder
143,Preferred-Name-Placeholder
148,Preferred-Name-Placeholder
153,Preferred-Name-Placeholder
158,Preferred-Name-Placeholder
163,Preferred-Name-Placeholder
168,Preferred-Name-Placeholder
173,Preferred-Name-Placeholder
178,Preferred-Name-Placeholder
185,Preferred-Name-Placeholder
190,Preferred-Name-Placeholder
195,Preferred-Name-Placeholder
200,Preferred-Name-Placeholder
205,Preferred-Name-Placeholder
210,Preferred-Name-Placeholder
215,Preferred-Name-Placeholder
220,Preferred-Name-Placeholder
225,Preferred-Name-Placeholder
230,Preferred-Name-Placeholder
235,Preferred-Name-Placeholder
240,Preferred-Name-Placeholder
245,Preferred-Name-Placeholder
250,Preferred-Name-Placeholder
255,Preferred-Name-Placeholder
260,Preferred-Name-Placeholder
265,Preferred-Name-Placeholder
270,Preferred-Name-Placeholder
275,Preferred-Name-Placeholder
280,Preferred-Name-Placeholder
285,Preferred-Name-Placeholder
290,Preferred-Name-Placeholder
295,Preferred-Name-Placeholder
300,Preferred-Name-Placeholder
305,Preferred-Name-Placeholder
310,Preferred-Name-Placeholder
315,Preferred-Name-Placeholder
320,Preferred-Name-Placeholder
