id,hgvs,variant_id
4,c.6997dupA|p.Thr2333fs,3
9,c.6997dupA|p.Thr2333fs,3
14,n.*5171dupT|,3
19,c.*3884dupT|,3
24,c.641-18595dupT|,3
29,n.3212dupA|,3
34,n.2401dupA|,3
39,n.273dupA|,3
44,n.23dupA|,3
52,c.1592delT|p.Leu531fs,51
57,n.*1467delT|,51
62,n.*1642delT|,51
67,c.*1329delT|,51
72,n.85+2896delT|,51
77,n.*1467delT|,51
85,c.5152T>C|p.Cys1718Arg,84
90,c.5089T>C|p.Cys1697Arg,84
95,c.1540T>C|p.Cys514Arg,84
100,c.4201T>C|p.Cys1401Arg,84
105,c.4372T>C|p.Cys1458Arg,84
110,c.1663T>C|p.Cys555Arg,84
115,c.1777T>C|p.Cys593Arg,84
120,c.19T>C|p.Cys7Arg,84
125,c.562T>C|p.Cys188Arg,84
130,c.4948T>C|p.Cys1650Arg,84
135,c.1777T>C|p.Cys593Arg,84
140,c.1402T>C|p.Cys468Arg,84
145,c.1777T>C|p.Cys593Arg,84
150,c.1639T>C|p.Cys547Arg,84
155,n.*4872T>C|,84
160,n.*3337T>C|,84
165,c.4358-564T>C|,84
170,c.-98-13747T>C|,84
175,n.*4872T>C|,84
182,c.135-1G>T|,181
187,c.135-1G>T|,181
192,c.135-1G>T|,181
197,c.-754-1G>T|,181
202,c.135-1G>T|,181
207,c.135-1G>T|,181
212,c.135-1G>T|,181
217,c.135-1G>T|,181
222,c.-7-1G>T|,181
227,n.135-1G>T|,181
232,c.135-1G>T|,181
237,c.135-1G>T|,181
242,c.-7-1G>T|,181
247,n.199-1G>T|,181
252,c.135-1G>T|,181
257,n.*71-1G>T|,181
262,c.135-1G>T|,181
267,c.135-1G>T|,181
272,n.135-1G>T|,181
277,c.-1618G>T|,181
282,c.-1618G>T|,181
287,c.-1645G>T|,181
292,c.4+18648G>T|,181
297,c.-44+18737G>T|,181
302,c.-99+18737G>T|,181
307,c.135-1578G>T|,181
312,c.-218-11674G>T|,181
317,c.135-1578G>T|,181
